{
  "main":
  [
    {"type":"json","key":"enemies","url":"data/enemies.json"},
    {"type":"json","key":"weapons","url":"data/weapons.json"},
    {"type":"json","key":"credits","url":"data/credits.json"},

    {"type":"image","key":"titlepage","url":"images/menu.jpg"},
    {"type":"image","key":"logo","url":"images/logo.png"},
    {"type":"image","key":"dead","url":"images/dead.png"},

    {"type": "image","key": "outsideTiles","url": "images/outside.png"},
    {"type": "image","key": "insideTiles","url": "images/inside.png"},
    {"type": "image","key": "window","url": "images/window.png"},
    {"type": "image","key": "selector","url": "images/selector.png"},
    {"type": "image","key": "cancel","url": "images/cancel.png"},
    {"type": "image","key": "new","url": "images/new.png"},
    {"type": "image","key": "clicker","url": "images/clicker.png"},
    {"type": "image","key": "heart","url": "images/heart.png"},
    {"type": "image","key": "life","url": "images/life.png"},
    {"type": "image","key": "power","url": "images/power.png"},

    {"type":"image","key":"fog","url":"images/fog.png"},

    {"type":"image","key":"blood1","url":"images/blood1.png"},
    {"type":"image","key":"blood2","url":"images/blood2.png"},
    {"type":"image","key":"poison","url":"images/poison.png"},
    {"type":"image","key":"legBullet","url":"images/legBullet.png"},
    {"type":"image","key":"mud","url":"images/mud.png"},
    {"type":"image","key":"bullet2","url":"images/bullet2.png"},
    {"type":"image","key":"spear","url":"images/spear.png"},
    {"type":"image","key":"hammerBullet","url":"images/hammerBullet.png"},
    {"type":"image","key":"cBullet","url":"images/cBullet.png"},
    {"type":"image","key":"cBulletSmall","url":"images/cBulletSmall.png"},

    {"type":"image","key":"dany_n","url":"chips/dany_n.png"},
    {"type": "image","key": "ast_n","url": "chips/ast_n.png"},
    {"type": "image","key": "sharret_n","url": "chips/sharret_n.png"},
    {"type": "image","key": "chad_n","url": "chips/dirk_n.png"},

    {"type":"spritesheet","key":"millipede","url":"images/millipede.png","frameWidth":128,"frameHeight":128},
    {"type":"spritesheet","key":"beetle","url":"images/kubus.png","frameWidth":64,"frameHeight":64},
    {"type":"spritesheet","key":"chaser","url":"images/chaser.png","frameWidth":48,"frameHeight":32},
    {"type":"spritesheet","key":"chad","url":"images/stasbangoraKebabom.png","frameWidth":48,"frameHeight":64},
    {"type":"spritesheet","key":"dotbangoraKebabom","url":"images/dotbangoraKebabom.png","frameWidth":48,"frameHeight":64},
    {"type":"spritesheet","key":"stasbango","url":"images/stasbango.png","frameWidth":48,"frameHeight":64},
    {"type":"spritesheet","key":"dotbango","url":"images/dotbango.png","frameWidth":48,"frameHeight":64},
    {"type":"spritesheet","key":"chad2","url":"images/chad2.png","frameWidth":24,"frameHeight":48},
    {"type":"spritesheet","key":"spider","url":"images/spider.png","frameWidth":24,"frameHeight":24},
    {"type":"spritesheet","key":"bomb","url":"images/bomb.png","frameWidth":24,"frameHeight":24},
    {"type":"spritesheet","key":"gun","url":"images/gun.png","frameWidth":48,"frameHeight":32},

    {"type":"spritesheet","key":"save","url":"images/save.png","frameWidth":48,"frameHeight":32},

    {"type":"spritesheet","key":"grass","url":"images/grass.png","frameWidth":48,"frameHeight":88},
    {"type":"spritesheet","key":"thistle","url":"images/thistle.png","frameWidth":160,"frameHeight":64},
    {"type":"spritesheet","key":"waves","url":"images/waves.png","frameWidth":100,"frameHeight":50},

    {"type":"text","key":"menuScript","url":"scripts/menu.js"},
    {"type":"text","key":"deadScript","url":"scripts/dead.js"},
    {"type":"text","key":"saveScript","url":"scripts/save.js"},
    {"type":"text","key":"stdScript","url":"scripts/std.js"},
    {"type":"text","key":"playerController","url":"scripts/playerController.js"},
    {"type":"text","key":"circleController","url":"scripts/circleController.js"},
    {"type":"text","key":"wandererController","url":"scripts/wandererController.js"},

    {"type":"audio","key":"tick","urls":["audio/tick.ogg"],"autoDecode": true},
    {"type":"audio","key":"shot","urls":["audio/shot.ogg"],"autoDecode": true},
    {"type":"audio","key":"drip","urls":["audio/drip.ogg"],"autoDecode": true},
    {"type":"audio","key":"die","urls":["audio/die.ogg"],"autoDecode": true},
    {"type":"audio","key":"fiendDeath","urls":["audio/fiendDeath.ogg"],"autoDecode": true},
    {"type":"audio","key":"charge","urls":["audio/charge.ogg"],"autoDecode": true},

    {"type":"audio","key":"first","urls":["audio/first.ogg"],"autoDecode":true},
    {"type":"audio","key":"firstBoss","urls":["audio/firstBoss.ogg"],"autoDecode":true},
    {"type":"audio","key":"menu","urls":["audio/menu.ogg"],"autoDecode":true}
  ]
}
