{"scripts":[{"type":"text","key":"bombController.js","url":"scripts/bombController.js"},{"type":"text","key":"chaserController.js","url":"scripts/chaserController.js"},{"type":"text","key":"circleController.js","url":"scripts/circleController.js"},{"type":"text","key":"dead.js","url":"scripts/dead.js"},{"type":"text","key":"dotbangoraKebabomController.js","url":"scripts/dotbangoraKebabomController.js"},{"type":"text","key":"gun.js","url":"scripts/gun.js"},{"type":"text","key":"kubusController.js","url":"scripts/kubusController.js"},{"type":"text","key":"menu.js","url":"scripts/menu.js"},{"type":"text","key":"millipedeController.js","url":"scripts/millipedeController.js"},{"type":"text","key":"pause.js","url":"scripts/pause.js"},{"type":"text","key":"playerController.js","url":"scripts/playerController.js"},{"type":"text","key":"save.js","url":"scripts/save.js"},{"type":"text","key":"shooterController.js","url":"scripts/shooterController.js"},{"type":"text","key":"spiderController.js","url":"scripts/spiderController.js"},{"type":"text","key":"staticController.js","url":"scripts/staticController.js"},{"type":"text","key":"std.js","url":"scripts/std.js"},{"type":"text","key":"wandererController.js","url":"scripts/wandererController.js"},{"type":"text","key":"watcherController.js","url":"scripts/watcherController.js"}]}