{
  "enemies":
  [
    {
      "name":"chad","key":"chad2","controller":"circleController.js",
      "health":100,"directional":false,"moveSpeed":100
    },
    {
      "name":"millipede","key":"millipede","controller":"millipedeController.js",
      "health":500,"directional":false,"moveOnSpot":true
    },
    {
      "name":"dotbangoraKebabom","key":"dotbangoraKebabom","controller":"dotbangoraKebabomController.js",
      "health":700,"directional":true
    },
    {
      "name":"beetle","key":"beetle","controller":"kubusController.js",
      "health":15,"directional":false,"moveSpeed":110,"deathFrames":[4,5,6]
    },
    {
      "name":"shooter","key":"dotbango","controller":"shooterController.js",
      "health":1,"directional":true,"moveSpeed":0,"deathFrames":[8,9,10,11]
    },
    {
      "name":"dotbango","key":"dotbango","controller":"kubusController.js",
      "health":15,"directional":true,"moveSpeed":70,"deathFrames":[9,10,11,12]
    },
    {
      "name":"spider","key":"spider","controller":"spiderController.js",
      "health":1,"directional":true,"moveSpeed":200,"period":350
    },
    {
      "name":"chaser","key":"chaser","controller":"chaserController.js",
      "health":2,"directional":true,"moveSpeed":350,"period":1000
    },
    {
      "name":"bomb","key":"bomb","controller":"bombController.js",
      "health":1,"directional":false,"moveOnSpot":true
    },
    {
      "name":"player","key":"chad","controller":"playerController.js",
      "health":1,"moveSpeed":180,"strafeSpeed":90
    },
    {
      "name":"savePoint","key":"save","controller":"staticController.js","health":1,
      "script":"save.js","directional":true,"moveOnSpot":true
    }
  ]
}
