{ "height":13,
 "layers":[
        {
         "data":[142, 142, 142, 142, 142, 142, 143, 11, 12, 12, 12, 12, 12, 12, 12, 12, 12, 13, 141, 142, 191, 165, 12, 12, 12, 12, 142, 142, 142, 142, 142, 142, 143, 11, 12, 12, 12, 12, 12, 12, 12, 12, 12, 13, 141, 142, 142, 191, 164, 165, 12, 12, 142, 142, 142, 142, 142, 142, 143, 11, 12, 12, 12, 12, 12, 12, 12, 12, 12, 13, 141, 142, 142, 142, 142, 175, 12, 12, 142, 142, 142, 142, 142, 142, 143, 11, 12, 12, 12, 12, 12, 12, 12, 12, 25, 23, 141, 142, 142, 142, 142, 175, 12, 12, 142, 142, 142, 142, 142, 142, 143, 21, 24, 12, 12, 12, 12, 12, 12, 25, 23, 19, 141, 142, 142, 142, 142, 191, 164, 164, 142, 142, 142, 142, 142, 142, 143, 1, 14, 12, 12, 12, 12, 12, 12, 15, 3, 19, 141, 142, 142, 142, 142, 142, 142, 142, 142, 142, 142, 142, 142, 142, 143, 11, 12, 12, 12, 12, 12, 12, 12, 12, 15, 3, 141, 142, 142, 142, 142, 142, 142, 142, 142, 142, 142, 142, 142, 142, 143, 11, 12, 12, 12, 12, 12, 12, 12, 12, 12, 13, 141, 142, 142, 142, 142, 142, 142, 142, 142, 142, 142, 142, 142, 142, 143, 11, 12, 12, 12, 12, 12, 12, 12, 12, 25, 23, 141, 142, 142, 142, 142, 142, 142, 142, 142, 142, 142, 142, 142, 142, 143, 11, 12, 12, 12, 12, 12, 12, 12, 12, 13, 19, 141, 142, 142, 142, 142, 142, 142, 142, 142, 142, 142, 142, 142, 142, 143, 21, 24, 12, 12, 12, 12, 12, 12, 12, 13, 35, 141, 142, 142, 142, 142, 142, 142, 142, 142, 142, 142, 142, 142, 142, 143, 19, 11, 12, 25, 22, 24, 12, 25, 22, 23, 19, 141, 142, 142, 142, 142, 142, 142, 142, 142, 142, 142, 142, 142, 142, 143, 19, 21, 22, 23, 19, 21, 22, 23, 19, 19, 34, 141, 142, 142, 142, 142, 142, 142, 142],
         "height":13,
         "name":"background",
         "opacity":1,
         "type":"tilelayer",
         "visible":true,
         "width":26,
         "x":0,
         "y":0
        }, 
        {
         "data":[0, 0, 0, 0, 0, 0, 0, 0, 0, 0, 0, 0, 0, 0, 0, 0, 4, 0, 0, 0, 0, 0, 0, 0, 0, 0, 0, 0, 0, 0, 0, 0, 0, 0, 0, 0, 0, 0, 0, 0, 0, 0, 0, 0, 0, 0, 0, 0, 0, 0, 0, 0, 0, 0, 0, 0, 0, 0, 0, 0, 0, 0, 0, 0, 0, 0, 0, 0, 0, 0, 0, 0, 0, 0, 0, 0, 0, 0, 0, 0, 0, 0, 0, 0, 0, 0, 0, 0, 0, 0, 0, 0, 0, 0, 0, 0, 0, 0, 0, 0, 0, 0, 0, 0, 0, 0, 0, 0, 0, 0, 0, 0, 0, 0, 0, 0, 0, 0, 0, 0, 0, 0, 0, 0, 0, 0, 0, 0, 0, 0, 0, 0, 0, 0, 0, 0, 0, 0, 0, 0, 0, 0, 0, 0, 0, 0, 0, 0, 0, 0, 0, 0, 0, 0, 0, 0, 0, 0, 0, 0, 0, 0, 0, 0, 0, 0, 0, 0, 0, 0, 0, 0, 0, 0, 0, 0, 0, 0, 0, 0, 0, 0, 0, 0, 0, 0, 0, 0, 0, 0, 0, 0, 0, 0, 0, 0, 0, 0, 0, 0, 0, 0, 0, 0, 0, 0, 0, 0, 0, 0, 0, 0, 0, 0, 0, 0, 0, 0, 0, 0, 0, 0, 0, 0, 0, 0, 0, 0, 0, 0, 0, 0, 0, 0, 0, 0, 0, 0, 0, 0, 0, 0, 0, 0, 0, 0, 0, 0, 0, 0, 0, 0, 0, 0, 0, 0, 0, 0, 0, 0, 0, 0, 0, 0, 0, 0, 0, 0, 0, 0, 0, 0, 0, 0, 0, 0, 0, 0, 0, 0, 0, 0, 0, 0, 0, 0, 0, 0, 0, 0, 0, 0, 0, 0, 0, 0, 0, 0, 0, 0, 0, 0, 0, 0, 0, 0, 0, 0, 0, 0, 0, 0, 0, 0, 0, 0, 0, 0, 0, 0, 0, 0, 0, 0, 0, 0, 0, 0, 0, 0, 0, 0, 0, 0, 0, 0, 0, 0],
         "height":13,
         "name":"things",
         "opacity":1,
         "type":"tilelayer",
         "visible":true,
         "width":26,
         "x":0,
         "y":0
        }, 
        {
         "data":[0, 0, 0, 0, 0, 0, 0, 0, 0, 0, 0, 0, 0, 0, 0, 0, 0, 0, 0, 0, 0, 0, 0, 0, 0, 0, 0, 0, 0, 0, 0, 0, 0, 0, 0, 0, 0, 0, 0, 0, 0, 0, 0, 0, 0, 0, 0, 0, 0, 0, 0, 0, 0, 0, 0, 0, 0, 0, 0, 0, 0, 0, 0, 0, 0, 0, 0, 0, 0, 0, 0, 0, 0, 0, 0, 0, 0, 0, 0, 0, 0, 0, 0, 0, 0, 0, 0, 0, 0, 0, 0, 0, 0, 0, 0, 0, 0, 0, 0, 0, 0, 0, 0, 0, 0, 0, 0, 0, 0, 0, 0, 0, 0, 0, 0, 0, 0, 0, 0, 0, 0, 0, 0, 0, 0, 0, 0, 0, 0, 0, 0, 0, 0, 0, 0, 0, 0, 0, 0, 0, 0, 0, 0, 0, 0, 0, 0, 0, 0, 0, 0, 0, 0, 0, 0, 0, 0, 0, 0, 0, 0, 0, 0, 0, 0, 0, 0, 0, 0, 0, 0, 0, 0, 0, 0, 0, 0, 0, 0, 0, 0, 0, 0, 0, 0, 0, 0, 0, 0, 0, 0, 0, 0, 0, 0, 0, 0, 0, 0, 0, 0, 0, 0, 0, 0, 0, 0, 0, 0, 0, 0, 0, 0, 0, 0, 0, 0, 0, 0, 0, 0, 0, 0, 0, 0, 0, 0, 0, 0, 0, 0, 0, 0, 0, 0, 0, 0, 0, 0, 0, 0, 0, 0, 0, 0, 0, 0, 0, 0, 0, 0, 0, 0, 0, 0, 0, 0, 0, 0, 0, 0, 0, 0, 0, 0, 0, 0, 0, 0, 0, 0, 0, 0, 0, 0, 0, 0, 0, 0, 0, 0, 0, 0, 0, 0, 0, 0, 0, 0, 0, 0, 0, 0, 0, 0, 0, 0, 0, 0, 0, 0, 0, 0, 0, 0, 0, 0, 0, 0, 0, 0, 0, 0, 0, 0, 0, 0, 0, 0, 0, 0, 0, 0, 0, 0, 0, 0, 0, 0, 0, 0, 0, 0, 0, 0, 0, 0, 0],
         "height":13,
         "name":"overhead",
         "opacity":1,
         "type":"tilelayer",
         "visible":true,
         "width":26,
         "x":0,
         "y":0
        }, 
        {
         "data":[5, 5, 5, 5, 5, 5, 5, 0, 0, 0, 0, 0, 0, 0, 0, 0, 0, 0, 5, 5, 5, 5, 5, 5, 5, 5, 5, 5, 5, 5, 5, 5, 5, 0, 0, 0, 0, 0, 0, 0, 0, 0, 0, 0, 5, 5, 5, 5, 5, 5, 5, 5, 5, 5, 5, 5, 5, 5, 5, 0, 0, 0, 0, 0, 0, 0, 0, 0, 0, 0, 5, 5, 5, 5, 5, 5, 5, 5, 5, 5, 5, 5, 5, 5, 5, 0, 0, 0, 0, 0, 0, 0, 0, 0, 0, 0, 5, 5, 5, 5, 5, 5, 5, 5, 5, 5, 5, 5, 5, 5, 5, 0, 0, 0, 0, 0, 0, 0, 0, 0, 0, 0, 5, 5, 5, 5, 5, 5, 5, 5, 5, 5, 5, 5, 5, 5, 5, 0, 0, 0, 0, 0, 0, 0, 0, 0, 0, 0, 5, 5, 5, 5, 5, 5, 5, 5, 5, 5, 5, 5, 5, 5, 5, 0, 0, 0, 0, 0, 0, 0, 0, 0, 0, 0, 5, 5, 5, 5, 5, 5, 5, 5, 5, 5, 5, 5, 5, 5, 5, 0, 0, 0, 0, 0, 0, 0, 0, 0, 0, 0, 5, 5, 5, 5, 5, 5, 5, 5, 5, 5, 5, 5, 5, 5, 5, 0, 0, 0, 0, 0, 0, 0, 0, 0, 0, 0, 5, 5, 5, 5, 5, 5, 5, 5, 5, 5, 5, 5, 5, 5, 5, 0, 0, 0, 0, 0, 0, 0, 0, 0, 0, 0, 5, 5, 5, 5, 5, 5, 5, 5, 5, 5, 5, 5, 5, 5, 5, 0, 0, 0, 0, 0, 0, 0, 0, 0, 0, 0, 5, 5, 5, 5, 5, 5, 5, 5, 5, 5, 5, 5, 5, 5, 5, 0, 0, 0, 0, 0, 0, 0, 0, 0, 0, 0, 5, 5, 5, 5, 5, 5, 5, 5, 5, 5, 5, 5, 5, 5, 5, 0, 0, 0, 0, 0, 0, 0, 0, 0, 0, 0, 5, 5, 5, 5, 5, 5, 5, 5],
         "height":13,
         "name":"collisions",
         "opacity":1,
         "type":"tilelayer",
         "visible":true,
         "width":26,
         "x":0,
         "y":0
        }, 
        {
         "draworder":"topdown",
         "height":30,
         "name":"actors",
         "objects":[
                {
                 "height":128,
                 "id":156,
                 "name":"millipede",
                 "properties":
                    {
                     "type":"millipede"
                    },
                 "propertytypes":
                    {
                     "type":"string"
                    },
                 "rotation":0,
                 "type":"actor",
                 "visible":true,
                 "width":128,
                 "x":330,
                 "y":17
                }],
         "opacity":1,
         "type":"objectgroup",
         "visible":true,
         "width":70,
         "x":0,
         "y":0
        }, 
        {
         "draworder":"topdown",
         "height":30,
         "name":"regions",
         "objects":[
                {
                 "height":19.6666666666666,
                 "id":155,
                 "name":"start",
                 "rotation":0,
                 "type":"region",
                 "visible":true,
                 "width":61.3333333333333,
                 "x":371,
                 "y":397
                }, 
                {
                 "height":38,
                 "id":163,
                 "name":"end",
                 "properties":
                    {
                     "script":"\/\/if (ctx.getSwitch(\"centipedeDead\")) \nctx.transport(\"secondBoss\",\"start\");"
                    },
                 "propertytypes":
                    {
                     "script":"string"
                    },
                 "rotation":0,
                 "type":"region",
                 "visible":true,
                 "width":362,
                 "x":219,
                 "y":-1
                }],
         "opacity":1,
         "type":"objectgroup",
         "visible":true,
         "width":70,
         "x":0,
         "y":0
        }],
 "nextobjectid":164,
 "orientation":"orthogonal",
 "properties":
    {
     "music":"first"
    },
 "propertytypes":
    {
     "music":"string"
    },
 "renderorder":"right-down",
 "tileheight":32,
 "tilesets":[
        {
         "columns":10,
         "firstgid":1,
         "image":"..\/images\/outside.png",
         "imageheight":1184,
         "imagewidth":320,
         "margin":0,
         "name":"outsideTiles",
         "spacing":0,
         "terrains":[
                {
                 "name":"grass",
                 "properties":
                    {
                     "music":"townMusic"
                    },
                 "propertytypes":
                    {
                     "music":"string"
                    },
                 "tile":-1
                }, 
                {
                 "name":"dirt",
                 "tile":-1
                }, 
                {
                 "name":"clay",
                 "tile":-1
                }, 
                {
                 "name":"water",
                 "tile":-1
                }],
         "tilecount":370,
         "tileheight":32,
         "tileproperties":
            {
             "141":
                {
                 "spawn":"waves-0.1"
                },
             "18":
                {
                 "spawn":"grass-0.4"
                },
             "25":
                {
                 "spawn":"thistle-1"
                }
            },
         "tilepropertytypes":
            {
             "141":
                {
                 "spawn":"string"
                },
             "18":
                {
                 "spawn":"string"
                },
             "25":
                {
                 "spawn":"string"
                }
            },
         "tiles":
            {
             "0":
                {
                 "terrain":[1, 1, 1, 0]
                },
             "1":
                {
                 "terrain":[1, 1, 0, 0]
                },
             "10":
                {
                 "terrain":[1, 0, 1, 0]
                },
             "11":
                {
                 "terrain":[0, 0, 0, 0]
                },
             "12":
                {
                 "terrain":[0, 1, 0, 1]
                },
             "13":
                {
                 "terrain":[1, 0, 0, 0]
                },
             "130":
                {
                 "terrain":[1, 1, 1, 3]
                },
             "131":
                {
                 "terrain":[1, 1, 3, 3]
                },
             "132":
                {
                 "terrain":[1, 1, 3, 1]
                },
             "14":
                {
                 "terrain":[0, 1, 0, 0]
                },
             "140":
                {
                 "terrain":[1, 3, 1, 3]
                },
             "141":
                {
                 "terrain":[3, 3, 3, 3]
                },
             "142":
                {
                 "terrain":[3, 1, 3, 1]
                },
             "15":
                {
                 "terrain":[2, 1, 1, 1]
                },
             "150":
                {
                 "terrain":[1, 3, 1, 1]
                },
             "151":
                {
                 "terrain":[3, 3, 1, 1]
                },
             "152":
                {
                 "terrain":[3, 1, 1, 1]
                },
             "16":
                {
                 "terrain":[1, 2, 1, 1]
                },
             "160":
                {
                 "terrain":[3, 3, 3, 1]
                },
             "161":
                {
                 "terrain":[3, 3, 1, 3]
                },
             "162":
                {
                 "terrain":[0, 0, 0, 3]
                },
             "163":
                {
                 "terrain":[0, 0, 3, 3]
                },
             "164":
                {
                 "terrain":[0, 0, 3, 0]
                },
             "17":
                {
                 "terrain":[2, 1, 2, 1]
                },
             "170":
                {
                 "terrain":[3, 1, 3, 3]
                },
             "171":
                {
                 "terrain":[1, 3, 3, 3]
                },
             "172":
                {
                 "terrain":[0, 3, 0, 3]
                },
             "174":
                {
                 "terrain":[3, 0, 3, 0]
                },
             "18":
                {
                 "terrain":[1, 1, 1, 1]
                },
             "180":
                {
                 "terrain":[3, 3, 3, 0]
                },
             "181":
                {
                 "terrain":[3, 3, 0, 3]
                },
             "182":
                {
                 "terrain":[0, 3, 0, 0]
                },
             "183":
                {
                 "terrain":[3, 3, 0, 0]
                },
             "184":
                {
                 "terrain":[3, 0, 0, 0]
                },
             "19":
                {
                 "terrain":[1, 2, 1, 2]
                },
             "190":
                {
                 "terrain":[3, 0, 3, 3]
                },
             "191":
                {
                 "terrain":[0, 3, 3, 3]
                },
             "2":
                {
                 "terrain":[1, 1, 0, 1]
                },
             "20":
                {
                 "terrain":[1, 0, 1, 1]
                },
             "21":
                {
                 "terrain":[0, 0, 1, 1]
                },
             "22":
                {
                 "terrain":[0, 1, 1, 1]
                },
             "23":
                {
                 "terrain":[0, 0, 1, 0]
                },
             "24":
                {
                 "terrain":[0, 0, 0, 1]
                },
             "25":
                {
                 "terrain":[1, 1, 2, 1]
                },
             "26":
                {
                 "terrain":[1, 1, 1, 2]
                },
             "27":
                {
                 "terrain":[2, 1, 2, 2]
                },
             "28":
                {
                 "terrain":[1, 1, 2, 2]
                },
             "29":
                {
                 "terrain":[1, 2, 2, 2]
                },
             "5":
                {
                 "terrain":[2, 2, 2, 2]
                },
             "7":
                {
                 "terrain":[2, 2, 2, 1]
                },
             "8":
                {
                 "terrain":[2, 2, 1, 1]
                },
             "9":
                {
                 "terrain":[2, 2, 1, 2]
                }
            },
         "tilewidth":32
        }],
 "tilewidth":32,
 "version":1,
 "width":26
}